"","IC_forecast","Intercept","Chlorophyll-a","Discharge","Shortwave","Error"
"daily",6619.38434432186,242.83296443529,301.301761531708,2908.500728014,1582.46234416024,1204.37435847091
"weekly",37127.5254590671,653.265954427381,868.661300517408,4241.16498690375,1443.63485830152,6628.97545839885
"fortnightly",36641.6942079574,757.342722599775,940.953715017535,6939.46224443291,1721.22890245577,11530.1138590172
