"day_in_future","RMSE_null","RMSE_forecast","RMSE_null_nonbloom","RMSE_forecast_nonbloom","R2_null","R2_forecast","R2_null_nonbloom","R2_forecast_nonbloom","RMSE_null_bloom","RMSE_forecast_bloom","R2_null_bloom","R2_forecasT_bloom"
7,6.87420591810586,6.67797242794499,4.28978845042269,2.60089062819126,0.205727115812992,0.117863434332093,0.366909900035976,0.421655689632864,20.0828241201173,22.6154890284535,NA,NA
14,7.95678085408273,6.9831440001959,5.29510314994316,2.7454190692585,0.0674745992587882,0.0457213894899941,0.223482426820632,0.327307032452498,22.3652678138379,23.6519892389403,NA,NA
