"day_in_future","RMSE_null","RMSE_forecast","RMSE_null_nonbloom","RMSE_forecast_nonbloom","R2_null","R2_forecast","R2_null_nonbloom","R2_forecast_nonbloom","RMSE_null_bloom","RMSE_forecast_bloom","R2_null_bloom","R2_forecasT_bloom"
7,5.39616356825311,5.52900660029703,3.63734102522759,2.40527800504762,0.497606843146879,0.409728313501598,0.422066253789552,0.504837329675874,15.0185263795269,18.3574807284954,NA,NA
14,7.75187959111048,6.78795242629914,5.87430085882774,2.60391272081692,0.152328963196397,0.105183320968501,0.261359992872552,0.393937427816597,19.4311253173877,23.1020161200745,NA,NA
