"day_in_future","RMSE_null","RMSE_forecast","RMSE_null_nonbloom","RMSE_forecast_nonbloom","R2_null","R2_forecast","R2_null_nonbloom","R2_forecast_nonbloom","RMSE_null_bloom","RMSE_forecast_bloom","R2_null_bloom","R2_forecasT_bloom"
7,5.37533983069218,5.64684874519015,3.39861208080571,2.21619433204049,0.52717629125906,0.431185753129146,0.508606812680143,0.592956255344188,14.9801615007785,18.3295674055952,NA,NA
14,7.75165841362872,7.0025971237661,5.71373884632151,2.47163999388343,0.185411413951419,0.118124979237771,0.344282584113251,0.487353926961316,19.2204991490429,23.0855975297051,NA,NA
