"","forecast","null","forecast_nonbloom","null_nonbloom"
"RMSE",3.55043884837181,4.35602742461796,1.84707441116589,1.49650901607013
"NSE",0.825458091045927,0.831361619977688,0.582621675678603,0.708738274801709
"KGE",0.865815905949785,0.914699773120719,0.774181615546929,0.853510652962687
"bias",0.659861548579456,0.125678516590412,0.804469355963326,0.159096359120644
"bias_sd",0.948940429791144,1.002607379426,1.02627254310665,1.03663163516211
"R2_1_1",NA,0.831361619977688,NA,0.708738274801709
"coefficient of determination",0.832917479767009,0.839007428743263,0.69851131103614,0.742613634378303
"corr_p",NA,0.915973486921572,NA,0.861750331812122
