Chla_sqrt,Chla_ARlag1_sqrt,mean_flow,Rain_sum_log,WindSpeed_median_log,ShortWave_mean,Chla_ARlag_timestep_sqrt
1,0.531780671,-0.162800892,0.121387552,0.108299212,-0.370713758,0.275749028
0.531780671,1,-0.283857442,0.130118317,0.213798361,-0.307337526,0.583430216
-0.162800892,-0.283857442,1,0.137629657,-0.028168477,0.035944349,-0.083325392
0.121387552,0.130118317,0.137629657,1,-0.044767812,-0.306024748,-0.024177586
0.108299212,0.213798361,-0.028168477,-0.044767812,1,-0.13953824,0.096056719
-0.370713758,-0.307337526,0.035944349,-0.306024748,-0.13953824,1,-0.283176733
0.275749028,0.583430216,-0.083325392,-0.024177586,0.096056719,-0.283176733,1
