"","week_in_future","RMSE_null","RMSE_forecast","RMSE_null_nonbloom","RMSE_forecast_nonbloom","R2_null","R2_forecast","R2_null_nonbloom","R2_forecast_nonbloom"
"1",1,6.43080567607097,6.6430938736056,2.40661053909918,2.07509967171503,0.459452900560013,0.332962717720388,0.444102284327452,0.475149807402251
"2",2,9.31542443132631,8.04930759312528,4.66416199296797,2.23834690297968,0.101770893158172,0.0256192507543562,0.326731196613934,0.434968916779204
