"week_in_future","RMSE_null","RMSE_forecast","RMSE_null_nonbloom","RMSE_forecast_nonbloom","R2_null","R2_forecast","R2_null_nonbloom","R2_forecast_nonbloom","RMSE_null_bloom","RMSE_forecast_bloom","R2_null_bloom","R2_forecasT_bloom"
1,6.43080065139741,6.6430938736056,3.30811306917844,2.24382492353329,0.459453593290541,0.332962717720388,0.381113654843018,0.449940255024757,21.966733921308,25.5593147261664,0.00192287153084204,0.00476402405780533
2,9.31542942062509,8.04930759312528,6.47595878235416,2.34258468418137,0.101770479019397,0.0256192507543562,0.294287648940958,0.413443146844699,27.4270873929327,31.6978886623385,0.212390137685265,0.14107558894013
